﻿
3,300 科學總論,在意識的繁花裡漫步 [電子資源(電子書)] : 偶爾也和認知神經科學家來場生活探險,曾志朗著,遠見天下文化,300001
3,300 科學總論,親子FUN科學 [電子資源(電子書)] : 46個刺激五感.鍛鍊思考.發揮創意的科學遊戲,許兆芳著,商周,300002
3,300 科學總論,認知的生物性.民俗性.社會性,周文豪編撰 ; 科技部主辦,國立自然科學博物館,300003
3,300 科學總論,科學大師的求學、戀愛與理念 = Biographies of great scientists,張文亮著,校園書房,300004
3,300 科學總論,"STEAM大挑戰 : 32個趣味任務,開發孩子的設計思考力+問題解決力",許兆芳著,商周,300005
3,300 科學總論,科技的奧祕 : 從螺絲釘到機器人的原理大透視,大衛.麥考利(David Macaulay),遠見天下文化,300006
3,300 科學總論,"靈界的科學 : 李嗣涔博士25年科學實證,以複數時空、量子心靈模型,帶你認識真實宇宙",李嗣涔著,三采文化,300007
3,300 科學總論,"超科少年SSJ. 3, 電學祕課法拉第 [電子資源(電子書)(兒童書)] = Faraday",漫畫科普編輯小組,親子天下,300008
3,300 科學總論,"超科少年SSJ. 2, 生物怪才達爾文 [電子資源(電子書)(兒童書)] = Biology",漫畫科普編輯小組,親子天下,300009
3,300 科學總論,"超科少年SSJ. 1, 力學奇葩牛頓 [電子資源(電子書)(兒童書)] = Newton",漫畫科普編輯小組,親子天下,300010
