﻿
3,320 天文學,這世界難捉摸 [電子資源(電子書)] : 霍金也想懂的95%未知宇宙,豪爾斯.陳(Jorge Cham),遠見天下文化,320001
3,320 天文學,天有可測風雲 [電子資源(電子書)] : 彭啟明的資料經濟與科學創業之路,彭啟明,遠見天下文化,320002
3,320 天文學,觀念天文學. 下 [電子資源(電子書)],泰森(Neil deGrasse Tyson),遠見天下文化,320003
3,320 天文學,觀念天文學. 上 [電子資源(電子書)],泰森(Neil deGrasse Tyson),遠見天下文化,320004
3,320 天文學,天氣100問 [電子資源(電子書)] : 最強圖解 x 超酷實驗 : 破解一百個不可思議的氣象祕密,陳彥伶,親子天下出版 ,320005
3,320 天文學,氣候變遷與健康,氣候變遷與健康委員會,國家衛生研究院,320006
3,320 天文學,Drawdown反轉地球暖化100招,保羅.霍肯(Paul Hawken),聯經,320007
3,320 天文學,"讀懂時間簡史的第一本書 : 大科學家講時間的故事, 帶你探索物理科學及宇宙生成的奧秘",李淼,漫遊者文化,320008
3,320 天文學,預見未來的人 : 氣象預報先驅與天氣實驗,彼得.摩爾(Peter Moore),貓頭鷹,320009
3,320 天文學,天氣之書 : 100個氣象的科學趣聞與關鍵歷史,安德魯.瑞夫金(Andrew Revkin),時報文化,320010
