﻿
3,370 植物學,"植物彌賽亞 [電子資源(電子書)] : 從實習生到皇家園藝師, 拯救世界珍稀植物的保育之旅",卡洛斯.馬格達勒納(Carlos Magdalena),遠見天下文化,370001
3,370 植物學,"野果 [電子資源(電子書)] : 183種果實踏查,梭羅用最後十年光陰,獻給野果的小情歌",亨利.梭羅(Henry David Thoreau),自由文化出版社,370002
3,370 植物學,愛上植物的第一本書 [電子資源(電子書)],陳婉蘭,貓頭鷹,370003
3,370 植物學,幻奇植物園 [電子資源(電子書)],西畠清順,啟動文化出版 : 大雁文化發行,370004
3,370 植物學,植物生理學 = Plant physiology,柯勇編,藝軒圖書文具,370005
3,370 植物學,"菇的呼風喚雨史 : 從餐桌、工廠、實驗室、戰場到農田, 那些人類迷戀、依賴或懼怕的真菌與它們的祕密生活 = Stories of mushroom",顧曉哲,積木文化,370006
3,370 植物學,種子美術館 = Seed art museum,汪良奇,臺灣博物館,370007
3,370 植物學,九份二山生物資源解說圖鑑. 植物篇 = Wildife of Jiu-Fen-Er-Shan,何東輯,行政院農業委員會水土保持局發行,370008
3,370 植物學,臺灣原住民族藥用植物彙編. 第二版= Compendium of Medicinal Plants Used by Indigenous People of Taiwan,衛生福利部,衛生福利部出版,370009
3,370 植物學,嘉義縣植物資源,李麗華,農委會特有生物研究保育中心,370010
