﻿
6,630 中國文化史,紫禁城裡很有事 [電子資源(電子書)] : 明清宮廷小人物的日常生活,王一樵,時報文化,630001
6,630 中國文化史,"滾出中國 : 十九、二十世紀的國恥, 如何締造了民族主義的中國",畢可思(Robert Bickers),時報文化,630002
6,630 中國文化史,一本書讀懂中國傳統文化 [電子資源(電子書)] = Chinese traditional culture,劉元, 創智文化總經銷,630003
6,630 中國文化史,"回到宋朝long stay! : 從食、衣、住、行到文化風俗,在最幸福的朝代上一堂歷史體驗課",馬驊,麥田,630004
6,630 中國文化史,思想的風采,香港公開大學,商務印書館,630005
6,630 中國文化史,古代文化常識百科,徐振邦,商務印書館,630006
6,630 中國文化史,經典歎美,簡默編,崧博,630007
6,630 中國文化史,中國文化史導論,錢穆,臺灣商務,630008
6,630 中國文化史,"學蘇東坡這樣吃 像唐明皇那樣玩 : 沒電腦、沒手機、沒線上遊戲,古人怎麼活?圖解吃喝玩樂的中國史",漫友文化,任性,630009
6,630 中國文化史,臺灣文學與中華傳統文化,古繼堂,崧博,630010
