﻿
6,690 中國遊記,去吧!趁活著 : 一位女孩兒的單車奇幻之旅,郭夢,佳魁資訊,690001
6,690 中國遊記,中國歷史旅遊文集 : 建築.城市.考古.地理訪查17年,謝敏聰,臺灣學生書局,690002
6,690 中國遊記,2019最完整的中國自助旅遊全集,棕櫚樹,上奇時代,690003
6,690 中國遊記,秦人行南北,賈平凹,中華書局,690004
6,690 中國遊記,邊境線 : 中國內陸邊疆旅行記 = Border,柴春芽,遠足文化,690005
6,690 中國遊記,自行車上的中國壯遊 : 一位韓國企業家的深度文化觀察,洪銀澤,釀,690006
6,690 中國遊記,"夢想,在路上",尤文瀚,平裝本,690007
6,690 中國遊記,"種畫的人 : 我在黃土高原,革自己的命",廖哲琳,皇冠文化,690008
6,690 中國遊記,中國變奏曲 : 一個旅行作家的中國二十年,梅英東(Michael Meyer),八旗文化,690009
6,690 中國遊記,偉士牌中國紀行,Giorgio Bettinelli,活石文化,690010
